test_type,target_n,h,direct_depth,tested_depth,residual_nonempty,max_states_in_layer,elapsed_seconds
window,3,2,2,1,False,1,0.000058
window,3,2,2,2,True,1,0.000100
window,3,2,2,3,False,1,0.000065
window,3,2,2,4,False,1,0.000064
window,5,2,1,1,True,1,0.000033
window,5,2,1,2,False,1,0.000065
window,5,2,1,3,False,1,0.000075
window,7,3,5,3,False,1,0.000080
window,7,3,5,4,False,1,0.000105
window,7,3,5,5,True,1,0.000187
window,7,3,5,6,False,1,0.000220
window,7,3,5,7,False,2,0.000354
window,9,3,6,4,False,1,0.000102
window,9,3,6,5,False,1,0.000185
window,9,3,6,6,True,1,0.000222
window,9,3,6,7,False,2,0.000358
window,9,3,6,8,False,2,0.000447
window,11,3,4,2,False,1,0.000073
window,11,3,4,3,False,1,0.000098
window,11,3,4,4,True,1,0.000132
window,11,3,4,5,False,1,0.000172
window,11,3,4,6,False,2,0.000347
window,13,3,2,1,False,1,0.000032
window,13,3,2,2,True,1,0.000068
window,13,3,2,3,False,1,0.000100
window,13,3,2,4,False,1,0.000137
window,15,3,5,3,False,1,0.000116
window,15,3,5,4,False,1,0.000152
window,15,3,5,5,True,2,0.000305
window,15,3,5,6,False,2,0.000366
window,15,3,5,7,False,3,0.000486
window,17,3,3,1,False,1,0.000031
window,17,3,3,2,False,1,0.000066
window,17,3,3,3,True,1,0.000097
window,17,3,3,4,False,1,0.000140
window,17,3,3,5,False,2,0.000309
window,19,3,6,4,False,1,0.000139
window,19,3,6,5,False,2,0.000318
window,19,3,6,6,True,2,0.000404
window,19,3,6,7,False,3,0.000489
window,19,3,6,8,False,3,0.000601
window,21,3,1,1,True,1,0.000051
window,21,3,1,2,False,1,0.000082
window,21,3,1,3,False,1,0.000119
window,23,4,4,2,False,1,0.000067
window,23,4,4,3,False,1,0.000103
window,23,4,4,4,True,2,0.000204
window,23,4,4,5,False,2,0.000317
window,23,4,4,6,False,3,0.000440
window,25,4,7,5,False,2,0.000327
window,25,4,7,6,False,3,0.000448
window,25,4,7,7,True,3,0.000532
window,25,4,7,8,False,4,0.000749
window,25,4,7,9,False,4,0.000892
window,27,4,41,39,False,2541,1.718384
window,27,4,41,40,False,3718,2.672783
window,27,4,41,41,True,4045,3.033385
window,27,4,41,42,False,5446,4.123748
window,27,4,41,43,False,7216,5.440103
window,29,4,5,3,False,1,0.000133
window,29,4,5,4,False,2,0.000248
window,29,4,5,5,True,2,0.000337
window,29,4,5,6,False,3,0.000447
window,29,4,5,7,False,3,0.000556
window,31,4,39,37,False,1732,1.100785
window,31,4,39,38,False,2541,1.664445
window,31,4,39,39,True,2812,1.970067
window,31,4,39,40,False,3718,2.579360
window,31,4,39,41,False,4897,3.530086
window,33,4,8,6,False,3,0.000781
window,33,4,8,7,False,4,0.000938
window,33,4,8,8,True,4,0.000781
window,33,4,8,9,False,5,0.000946
window,33,4,8,10,False,6,0.001352
window,35,4,3,1,False,1,0.000030
window,35,4,3,2,False,1,0.000065
window,35,4,3,3,True,2,0.000135
window,35,4,3,4,False,2,0.000241
window,35,4,3,5,False,3,0.000360
window,37,4,6,4,False,2,0.000244
window,37,4,6,5,False,3,0.000358
window,37,4,6,6,True,3,0.000446
window,37,4,6,7,False,4,0.000676
window,37,4,6,8,False,4,0.000837
window,39,4,11,9,False,5,0.000912
window,39,4,11,10,False,7,0.001497
window,39,4,11,11,True,7,0.001720
window,39,4,11,12,False,10,0.002298
window,39,4,11,13,False,13,0.003523
window,41,4,40,38,False,2541,1.711938
window,41,4,40,39,False,3718,2.643522
window,41,4,40,40,True,4045,3.002182
window,41,4,40,41,False,5446,3.970396
window,41,4,40,42,False,7216,5.493986
window,43,4,9,7,False,4,0.000747
window,43,4,9,8,False,5,0.000930
window,43,4,9,9,True,5,0.001012
window,43,4,9,10,False,7,0.001542
window,43,4,9,11,False,8,0.002123
window,45,4,4,2,False,1,0.000089
window,45,4,4,3,False,2,0.000217
window,45,4,4,4,True,2,0.000306
window,45,4,4,5,False,3,0.000422
window,45,4,4,6,False,4,0.000673
window,47,4,38,36,False,1732,1.121660
window,47,4,38,37,False,2541,1.708015
window,47,4,38,38,True,2812,1.984493
window,47,4,38,39,False,3718,2.585607
window,47,4,38,40,False,4897,3.577883
window,49,4,7,5,False,3,0.000402
window,49,4,7,6,False,4,0.000597
window,49,4,7,7,True,4,0.000682
window,49,4,7,8,False,5,0.000888
window,49,4,7,9,False,6,0.001303
window,51,4,7,5,False,3,0.000411
window,51,4,7,6,False,4,0.000701
window,51,4,7,7,True,4,0.000839
window,51,4,7,8,False,5,0.001191
window,51,4,7,9,False,6,0.001412
window,53,4,2,1,False,1,0.000030
window,53,4,2,2,True,1,0.000066
window,53,4,2,3,False,2,0.000177
window,53,4,2,4,False,3,0.000290
window,55,4,41,39,False,3718,2.596385
window,55,4,41,40,False,5446,3.979445
window,55,4,41,41,True,5939,4.548336
window,55,4,41,42,False,8020,6.055155
window,55,4,41,43,False,10651,8.375212
window,57,4,10,8,False,5,0.000977
window,57,4,10,9,False,7,0.001487
window,57,4,10,10,True,7,0.001532
window,57,4,10,11,False,10,0.002331
window,57,4,10,12,False,11,0.003272
window,59,4,10,8,False,5,0.000961
window,59,4,10,9,False,7,0.001421
window,59,4,10,10,True,7,0.001652
window,59,4,10,11,False,10,0.002287
window,59,4,10,12,False,13,0.003188
window,61,4,5,3,False,2,0.000183
window,61,4,5,4,False,3,0.000301
window,61,4,5,5,True,3,0.000394
window,61,4,5,6,False,4,0.000613
window,61,4,5,7,False,5,0.000816
window,63,4,39,37,False,2541,1.695244
window,63,4,39,38,False,3718,2.603263
window,63,4,39,39,True,4124,3.101688
window,63,4,39,40,False,5446,4.062598
window,63,4,39,41,False,7216,5.549450
window,65,4,8,6,False,4,0.000662
window,65,4,8,7,False,5,0.000853
window,65,4,8,8,True,5,0.000969
window,65,4,8,9,False,7,0.001496
window,65,4,8,10,False,8,0.002514
window,67,5,8,6,False,4,0.000694
window,67,5,8,7,False,5,0.000874
window,67,5,8,8,True,5,0.001075
window,67,5,8,9,False,7,0.001547
window,67,5,8,10,False,8,0.002227
window,69,5,3,1,False,1,0.000052
window,69,5,3,2,False,2,0.000147
window,69,5,3,3,True,2,0.000238
window,69,5,3,4,False,3,0.000348
window,69,5,3,5,False,4,0.000562
window,71,5,37,35,False,1732,1.127235
window,71,5,37,36,False,2541,1.686159
window,71,5,37,37,True,2812,1.953812
window,71,5,37,38,False,3718,2.639537
window,71,5,37,39,False,4897,3.532140
window,73,5,42,40,False,5446,3.987702
window,73,5,42,41,False,8020,6.257286
window,73,5,42,42,True,8676,7.474833
window,73,5,42,43,False,11807,9.425355
window,73,5,42,44,False,15728,12.704203
window,75,5,3,1,False,1,0.000068
window,75,5,3,2,False,2,0.000143
window,75,5,3,3,True,3,0.000270
window,75,5,3,4,False,3,0.000329
window,75,5,3,5,False,4,0.000523
window,77,5,6,4,False,3,0.000301
window,77,5,6,5,False,4,0.000513
window,77,5,6,6,True,4,0.000666
window,77,5,6,7,False,5,0.000888
window,77,5,6,8,False,6,0.001312
window,79,5,11,9,False,7,0.001484
window,79,5,11,10,False,10,0.002286
window,79,5,11,11,True,10,0.002612
window,79,5,11,12,False,14,0.003678
window,79,5,11,13,False,18,0.005093
window,81,5,6,4,False,3,0.000334
window,81,5,6,5,False,4,0.000535
window,81,5,6,6,True,4,0.000688
window,81,5,6,7,False,5,0.000921
window,81,5,6,8,False,7,0.001427
window,83,5,40,38,False,3718,2.563622
window,83,5,40,39,False,5446,3.812312
window,83,5,40,40,True,5939,4.606271
window,83,5,40,41,False,8020,6.073977
window,83,5,40,42,False,10651,8.377829
window,85,5,1,1,True,1,0.000061
window,85,5,1,2,False,2,0.000112
window,85,5,1,3,False,3,0.000221
window,87,5,9,7,False,5,0.000891
window,87,5,9,8,False,7,0.001404
window,87,5,9,9,True,7,0.001604
window,87,5,9,10,False,10,0.002280
window,87,5,9,11,False,12,0.003013
window,89,5,9,7,False,5,0.000847
window,89,5,9,8,False,7,0.001365
window,89,5,9,9,True,7,0.001728
window,89,5,9,10,False,10,0.002261
window,89,5,9,11,False,13,0.003143
window,91,5,33,31,False,803,0.443676
window,91,5,33,32,False,1172,0.694243
window,91,5,33,33,True,1306,0.817173
window,91,5,33,34,False,1732,1.095010
window,91,5,33,35,False,2513,1.592438
window,93,5,4,2,False,2,0.000159
window,93,5,4,3,False,3,0.000276
window,93,5,4,4,True,3,0.000347
window,93,5,4,5,False,4,0.000543
window,93,5,4,6,False,5,0.000780
window,95,5,38,36,False,2541,1.657768
window,95,5,38,37,False,3718,2.526318
window,95,5,38,38,True,4124,3.007617
window,95,5,38,39,False,5446,4.359866
window,95,5,38,40,False,7216,5.627987
window,97,5,43,41,False,8020,6.158352
window,97,5,43,42,False,11807,9.250247
window,97,5,43,43,True,12649,10.372765
window,97,5,43,44,False,17413,14.193608
window,97,5,43,45,False,23032,19.582581
window,99,5,7,5,False,4,0.000566
window,99,5,7,6,False,5,0.000770
window,99,5,7,7,True,5,0.000977
window,99,5,7,8,False,7,0.001415
window,99,5,7,9,False,8,0.001989
window,101,5,7,5,False,4,0.000516
window,101,5,7,6,False,5,0.000713
window,101,5,7,7,True,5,0.000884
window,101,5,7,8,False,7,0.001373
window,101,5,7,9,False,8,0.001939
window,103,5,31,29,False,551,0.299336
window,103,5,31,30,False,803,0.456331
window,103,5,31,31,True,882,0.517882
window,103,5,31,32,False,1172,0.691968
window,103,5,31,33,False,1732,1.053300
window,105,5,12,10,False,10,0.002338
window,105,5,12,11,False,14,0.003710
window,105,5,12,12,True,14,0.003955
window,105,5,12,13,False,21,0.005622
window,105,5,12,14,False,26,0.007478
window,107,5,36,34,False,1732,1.063600
window,107,5,36,35,False,2541,1.619221
window,107,5,36,36,True,2812,1.913607
window,107,5,36,37,False,3718,2.491923
window,107,5,36,38,False,4897,3.456198
window,109,5,41,39,False,5446,3.979552
window,109,5,41,40,False,8020,5.927673
window,109,5,41,41,True,8573,6.767402
window,109,5,41,42,False,11807,9.283836
window,109,5,41,43,False,15728,12.846214
window,111,5,24,22,False,123,0.052169
window,111,5,24,23,False,180,0.079509
window,111,5,24,24,True,200,0.100396
window,111,5,24,25,False,263,0.124853
window,111,5,24,26,False,384,0.187144
window,113,5,2,1,False,1,0.000044
window,113,5,2,2,True,2,0.000113
window,113,5,2,3,False,3,0.000227
window,113,5,2,4,False,4,0.000413
window,115,5,10,8,False,7,0.001376
window,115,5,10,9,False,10,0.002177
window,115,5,10,10,True,10,0.002361
window,115,5,10,11,False,14,0.004270
window,115,5,10,12,False,17,0.004733
window,117,5,5,3,False,3,0.000277
window,117,5,5,4,False,4,0.000493
window,117,5,5,5,True,4,0.000546
window,117,5,5,6,False,5,0.000786
window,117,5,5,7,False,6,0.001381
window,119,5,10,8,False,7,0.001453
window,119,5,10,9,False,10,0.002174
window,119,5,10,10,True,10,0.002493
window,119,5,10,11,False,14,0.003827
window,119,5,10,12,False,18,0.005018
window,121,5,34,32,False,1172,0.701123
window,121,5,34,33,False,1732,1.056376
window,121,5,34,34,True,1906,1.278393
window,121,5,34,35,False,2541,1.766120
window,121,5,34,36,False,3466,2.371160
window,123,5,15,13,False,21,0.005988
window,123,5,15,14,False,29,0.008618
window,123,5,15,15,True,29,0.009248
window,123,5,15,16,False,41,0.014157
window,123,5,15,17,False,51,0.018741
window,125,5,39,37,False,3718,2.650039
window,125,5,39,38,False,5446,3.983234
window,125,5,39,39,True,5939,4.566847
window,125,5,39,40,False,8020,6.078283
window,125,5,39,41,False,10651,8.416938
window,127,5,15,13,False,21,0.005934
window,127,5,15,14,False,29,0.009326
window,127,5,15,15,True,30,0.010372
window,127,5,15,16,False,41,0.014180
window,127,5,15,17,False,51,0.019626
window,129,5,44,42,False,11807,9.379658
window,129,5,44,43,False,17413,14.087474
window,129,5,44,44,True,18657,15.819485
window,129,5,44,45,False,25497,21.639928
window,129,5,44,46,False,33947,29.747755
window,131,5,8,6,False,5,0.000765
window,131,5,8,7,False,7,0.001254
window,131,5,8,8,True,7,0.001448
window,131,5,8,9,False,10,0.002245
window,131,5,8,10,False,12,0.002925
window,133,5,8,6,False,5,0.000866
window,133,5,8,7,False,7,0.001284
window,133,5,8,8,True,7,0.001439
window,133,5,8,9,False,10,0.002181
window,133,5,8,10,False,13,0.003040
window,135,5,13,11,False,14,0.003836
window,135,5,13,12,False,21,0.005612
window,135,5,13,13,True,21,0.006580
window,135,5,13,14,False,29,0.008526
window,135,5,13,15,False,33,0.011290
window,137,5,32,30,False,803,0.465699
window,137,5,32,31,False,1172,0.687958
window,137,5,32,32,True,1306,0.811616
window,137,5,32,33,False,1732,1.054785
window,137,5,32,34,False,2513,1.568899
window,139,5,13,11,False,14,0.004759
window,139,5,13,12,False,21,0.006301
window,139,5,13,13,True,21,0.006038
window,139,5,13,14,False,29,0.008478
window,139,5,13,15,False,36,0.011914
window,141,5,3,1,False,1,0.000056
window,141,5,3,2,False,2,0.000145
window,141,5,3,3,True,3,0.000281
window,141,5,3,4,False,4,0.000482
window,141,5,3,5,False,5,0.000668
window,143,5,37,35,False,2541,1.623700
window,143,5,37,36,False,3718,2.499901
window,143,5,37,37,True,4124,3.001726
window,143,5,37,38,False,5446,3.905131
window,143,5,37,39,False,7216,5.372090
window,145,5,42,40,False,8020,6.002808
window,145,5,42,41,False,11807,9.118734
window,145,5,42,42,True,12649,10.281180
window,145,5,42,43,False,17413,14.061854
window,145,5,42,44,False,23032,19.450552
window,147,5,42,40,False,8020,5.984469
window,147,5,42,41,False,11807,9.139032
window,147,5,42,42,True,12810,10.518545
window,147,5,42,43,False,17413,14.312089
window,147,5,42,44,False,23032,19.455760
window,149,5,6,4,False,4,0.000461
window,149,5,6,5,False,5,0.000621
window,149,5,6,6,True,5,0.000749
window,149,5,6,7,False,7,0.001622
window,149,5,6,8,False,8,0.001888
window,151,5,3,1,False,1,0.000039
window,151,5,3,2,False,2,0.000113
window,151,5,3,3,True,4,0.000310
window,151,5,3,4,False,4,0.000441
window,151,5,3,5,False,5,0.000656
window,153,5,11,9,False,10,0.002291
window,153,5,11,10,False,14,0.003578
window,153,5,11,11,True,14,0.003858
window,153,5,11,12,False,21,0.005677
window,153,5,11,13,False,25,0.007195
window,155,5,30,28,False,551,0.294585
window,155,5,30,29,False,803,0.441514
window,155,5,30,30,True,882,0.514508
window,155,5,30,31,False,1172,0.702008
window,155,5,30,32,False,1732,1.066659
window,157,5,11,9,False,10,0.002336
window,157,5,11,10,False,14,0.003685
window,157,5,11,11,True,14,0.003992
window,157,5,11,12,False,21,0.005892
window,157,5,11,13,False,26,0.007906
window,159,5,18,16,False,41,0.014335
window,159,5,18,17,False,55,0.021719
window,159,5,18,18,True,63,0.025836
window,159,5,18,19,False,82,0.031997
window,159,5,18,20,False,123,0.049682
window,161,5,35,33,False,1732,1.090267
window,161,5,35,34,False,2541,1.665227
window,161,5,35,35,True,2812,1.930515
window,161,5,35,36,False,3718,2.500310
window,161,5,35,37,False,4897,3.454756
window,163,5,6,4,False,4,0.000463
window,163,5,6,5,False,5,0.000963
window,163,5,6,6,True,5,0.000949
window,163,5,6,7,False,7,0.001278
window,163,5,6,8,False,10,0.001990
window,165,5,40,38,False,5446,3.914683
window,165,5,40,39,False,8020,5.883457
window,165,5,40,40,True,8585,6.748715
window,165,5,40,41,False,11807,9.161717
window,165,5,40,42,False,15728,12.673050
window,167,5,23,21,False,123,0.053418
window,167,5,23,22,False,180,0.077676
window,167,5,23,23,True,200,0.096512
window,167,5,23,24,False,263,0.123562
window,167,5,23,25,False,384,0.185286
window,169,5,16,14,False,29,0.008612
window,169,5,16,15,False,41,0.013459
window,169,5,16,16,True,42,0.015311
window,169,5,16,17,False,55,0.020642
window,169,5,16,18,False,74,0.027944
window,171,5,45,43,False,17413,14.287488
window,171,5,45,44,False,25497,21.868842
window,171,5,45,45,True,27095,24.984602
window,171,5,45,46,False,37554,34.164343
window,171,5,45,47,False,50055,46.638339
window,173,5,9,7,False,7,0.001304
window,173,5,9,8,False,10,0.002123
window,173,5,9,9,True,10,0.002287
window,173,5,9,10,False,14,0.003636
window,173,5,9,11,False,17,0.004631
window,175,5,28,26,False,384,0.191707
window,175,5,28,27,False,551,0.294276
window,175,5,28,28,True,614,0.350968
window,175,5,28,29,False,803,0.440267
window,175,5,28,30,False,1172,0.679237
window,177,5,9,7,False,7,0.001385
window,177,5,9,8,False,10,0.002183
window,177,5,9,9,True,10,0.002335
window,177,5,9,10,False,14,0.003579
window,177,5,9,11,False,18,0.004954
window,179,5,9,7,False,7,0.001396
window,179,5,9,8,False,10,0.002024
window,179,5,9,9,True,10,0.002353
window,179,5,9,10,False,14,0.003562
window,179,5,9,11,False,18,0.004934
window,181,5,4,2,False,2,0.000119
window,181,5,4,3,False,4,0.000314
window,181,5,4,4,True,4,0.000433
window,181,5,4,5,False,5,0.000629
window,181,5,4,6,False,7,0.001077
window,183,5,33,31,False,1172,0.697643
window,183,5,33,32,False,1732,1.039305
window,183,5,33,33,True,1906,1.229434
window,183,5,33,34,False,2541,1.612947
window,183,5,33,35,False,3685,2.442735
window,185,5,14,12,False,21,0.005986
window,185,5,14,13,False,29,0.012638
window,185,5,14,14,True,29,0.009410
window,185,5,14,15,False,41,0.013652
window,185,5,14,16,False,51,0.018176
window,187,5,14,12,False,21,0.005687
window,187,5,14,13,False,29,0.008600
window,187,5,14,14,True,30,0.009625
window,187,5,14,15,False,41,0.013413
window,187,5,14,16,False,51,0.018506
window,189,5,38,36,False,3718,2.513970
window,189,5,38,37,False,5446,3.964563
window,189,5,38,38,True,6022,4.592464
window,189,5,38,39,False,8020,6.709085
window,189,5,38,40,False,10651,8.568024
window,191,5,14,12,False,21,0.005751
window,191,5,14,13,False,29,0.008476
window,191,5,14,14,True,30,0.010009
window,191,5,14,15,False,41,0.013498
window,191,5,14,16,False,51,0.018907
window,193,5,43,41,False,11807,9.502346
window,193,5,43,42,False,17413,14.461025
window,193,5,43,43,True,18543,16.293940
window,193,5,43,44,False,25497,22.067278
window,193,5,43,45,False,33947,30.295307
window,195,5,43,41,False,11807,9.451404
window,195,5,43,42,False,17413,14.435856
window,195,5,43,43,True,18657,15.756288
window,195,5,43,44,False,25497,21.704721
window,195,5,43,45,False,33947,31.299016
window,197,5,7,5,False,5,0.000691
window,197,5,7,6,False,7,0.001120
window,197,5,7,7,True,7,0.001349
window,197,5,7,8,False,10,0.002119
window,197,5,7,9,False,12,0.002840
window,199,6,43,41,False,11807,9.586267
window,199,6,43,42,False,17413,14.621587
window,199,6,43,43,True,19152,17.056948
window,199,6,43,44,False,25497,22.646592
window,199,6,43,45,False,33947,31.116280
all-depth,171,5,45,1,False,1,0.000077
all-depth,171,5,45,2,False,2,0.000156
all-depth,171,5,45,3,False,4,0.000389
all-depth,171,5,45,4,False,4,0.000496
all-depth,171,5,45,5,False,5,0.000693
all-depth,171,5,45,6,False,6,0.001161
all-depth,171,5,45,7,False,7,0.001740
all-depth,171,5,45,8,False,10,0.002270
all-depth,171,5,45,9,False,10,0.002313
all-depth,171,5,45,10,False,14,0.003606
all-depth,171,5,45,11,False,16,0.004820
all-depth,171,5,45,12,False,21,0.006485
all-depth,171,5,45,13,False,29,0.008564
all-depth,171,5,45,14,False,29,0.009686
all-depth,171,5,45,15,False,41,0.014356
all-depth,171,5,45,16,False,42,0.016707
all-depth,171,5,45,17,False,55,0.021980
all-depth,171,5,45,18,False,74,0.030038
all-depth,171,5,45,19,False,82,0.034973
all-depth,171,5,45,20,False,123,0.052417
all-depth,171,5,45,21,False,123,0.059226
all-depth,171,5,45,22,False,180,0.087791
all-depth,171,5,45,23,False,220,0.107202
all-depth,171,5,45,24,False,263,0.132315
all-depth,171,5,45,25,False,384,0.196809
all-depth,171,5,45,26,False,384,0.200632
all-depth,171,5,45,27,False,551,0.300381
all-depth,171,5,45,28,False,606,0.347187
all-depth,171,5,45,29,False,803,0.441737
all-depth,171,5,45,30,False,1063,0.611435
all-depth,171,5,45,31,False,1172,0.708709
all-depth,171,5,45,32,False,1732,1.063927
all-depth,171,5,45,33,False,1781,1.219861
all-depth,171,5,45,34,False,2541,1.760603
all-depth,171,5,45,35,False,3299,2.235929
all-depth,171,5,45,36,False,3718,2.664258
all-depth,171,5,45,37,False,5446,3.962021
all-depth,171,5,45,38,False,5446,3.991622
all-depth,171,5,45,39,False,8020,6.070570
all-depth,171,5,45,40,False,8929,7.195428
all-depth,171,5,45,41,False,11807,9.840067
all-depth,171,5,45,42,False,17030,14.553419
all-depth,171,5,45,43,False,17413,14.361061
all-depth,171,5,45,44,False,25497,21.830777
all-depth,171,5,45,45,True,27095,24.439031
all-depth,171,5,45,46,False,37554,33.502983
all-depth,171,5,45,47,False,50055,45.805113
all-depth,171,5,45,48,False,55452,50.551245
all-depth,129,5,44,1,False,1,0.000079
all-depth,129,5,44,2,False,2,0.000160
all-depth,129,5,44,3,False,3,0.000278
all-depth,129,5,44,4,False,4,0.000479
all-depth,129,5,44,5,False,4,0.000620
all-depth,129,5,44,6,False,5,0.000784
all-depth,129,5,44,7,False,7,0.001387
all-depth,129,5,44,8,False,7,0.001443
all-depth,129,5,44,9,False,10,0.002214
all-depth,129,5,44,10,False,11,0.002836
all-depth,129,5,44,11,False,14,0.003683
all-depth,129,5,44,12,False,21,0.005594
all-depth,129,5,44,13,False,21,0.005778
all-depth,129,5,44,14,False,29,0.008368
all-depth,129,5,44,15,False,31,0.010272
all-depth,129,5,44,16,False,41,0.013483
all-depth,129,5,44,17,False,51,0.018745
all-depth,129,5,44,18,False,55,0.020830
all-depth,129,5,44,19,False,82,0.031269
all-depth,129,5,44,20,False,82,0.033352
all-depth,129,5,44,21,False,123,0.049308
all-depth,129,5,44,22,False,155,0.065616
all-depth,129,5,44,23,False,180,0.076758
all-depth,129,5,44,24,False,263,0.118562
all-depth,129,5,44,25,False,263,0.121991
all-depth,129,5,44,26,False,384,0.184689
all-depth,129,5,44,27,False,415,0.219645
all-depth,129,5,44,28,False,551,0.285863
all-depth,129,5,44,29,False,723,0.395118
all-depth,129,5,44,30,False,803,0.442143
all-depth,129,5,44,31,False,1172,0.670746
all-depth,129,5,44,32,False,1226,0.746994
all-depth,129,5,44,33,False,1732,1.046120
all-depth,129,5,44,34,False,2285,1.437593
all-depth,129,5,44,35,False,2541,1.618283
all-depth,129,5,44,36,False,3718,2.442620
all-depth,129,5,44,37,False,3718,2.491644
all-depth,129,5,44,38,False,5446,3.790421
all-depth,129,5,44,39,False,6063,4.626163
all-depth,129,5,44,40,False,8020,5.914560
all-depth,129,5,44,41,False,11807,9.790257
all-depth,129,5,44,42,False,11807,9.734324
all-depth,129,5,44,43,False,17413,14.810215
all-depth,129,5,44,44,True,18657,15.764795
all-depth,129,5,44,45,False,25497,21.477371
all-depth,129,5,44,46,False,33947,29.447187
all-depth,129,5,44,47,False,37554,33.016964
all-depth,199,6,43,1,False,1,0.000062
all-depth,199,6,43,2,False,2,0.000122
all-depth,199,6,43,3,False,4,0.000335
all-depth,199,6,43,4,False,4,0.000467
all-depth,199,6,43,5,False,5,0.000622
all-depth,199,6,43,6,False,7,0.001065
all-depth,199,6,43,7,False,7,0.001289
all-depth,199,6,43,8,False,10,0.002027
all-depth,199,6,43,9,False,13,0.002898
all-depth,199,6,43,10,False,14,0.003736
all-depth,199,6,43,11,False,21,0.005469
all-depth,199,6,43,12,False,21,0.005801
all-depth,199,6,43,13,False,29,0.008424
all-depth,199,6,43,14,False,31,0.010282
all-depth,199,6,43,15,False,41,0.013520
all-depth,199,6,43,16,False,55,0.022116
all-depth,199,6,43,17,False,55,0.021112
all-depth,199,6,43,18,False,82,0.031162
all-depth,199,6,43,19,False,85,0.035447
all-depth,199,6,43,20,False,123,0.049133
all-depth,199,6,43,21,False,160,0.068325
all-depth,199,6,43,22,False,180,0.076811
all-depth,199,6,43,23,False,263,0.118402
all-depth,199,6,43,24,False,263,0.120893
all-depth,199,6,43,25,False,384,0.183722
all-depth,199,6,43,26,False,433,0.228666
all-depth,199,6,43,27,False,551,0.286931
all-depth,199,6,43,28,False,803,0.429734
all-depth,199,6,43,29,False,803,0.442378
all-depth,199,6,43,30,False,1172,0.671960
all-depth,199,6,43,31,False,1262,0.770545
all-depth,199,6,43,32,False,1732,1.054207
all-depth,199,6,43,33,False,2285,1.439183
all-depth,199,6,43,34,False,2541,1.622108
all-depth,199,6,43,35,False,3718,2.443911
all-depth,199,6,43,36,False,3737,2.559440
all-depth,199,6,43,37,False,5446,3.817781
all-depth,199,6,43,38,False,6787,4.944636
all-depth,199,6,43,39,False,8020,5.899357
all-depth,199,6,43,40,False,11807,8.937410
all-depth,199,6,43,41,False,11807,9.138596
all-depth,199,6,43,42,False,17413,13.844924
all-depth,199,6,43,43,True,19152,16.050670
all-depth,199,6,43,44,False,25497,21.325480
all-depth,199,6,43,45,False,33947,29.272660
all-depth,199,6,43,46,False,37554,32.932015
all-depth,195,5,43,1,False,1,0.000079
all-depth,195,5,43,2,False,2,0.000159
all-depth,195,5,43,3,False,4,0.000389
all-depth,195,5,43,4,False,4,0.000557
all-depth,195,5,43,5,False,5,0.000686
all-depth,195,5,43,6,False,7,0.001155
all-depth,195,5,43,7,False,7,0.001367
all-depth,195,5,43,8,False,10,0.002141
all-depth,195,5,43,9,False,11,0.002778
all-depth,195,5,43,10,False,14,0.003620
all-depth,195,5,43,11,False,21,0.005569
all-depth,195,5,43,12,False,21,0.005855
all-depth,195,5,43,13,False,29,0.008646
all-depth,195,5,43,14,False,31,0.010419
all-depth,195,5,43,15,False,41,0.013536
all-depth,195,5,43,16,False,51,0.018621
all-depth,195,5,43,17,False,55,0.020833
all-depth,195,5,43,18,False,82,0.031234
all-depth,195,5,43,19,False,83,0.033719
all-depth,195,5,43,20,False,123,0.048785
all-depth,195,5,43,21,False,158,0.066106
all-depth,195,5,43,22,False,180,0.076817
all-depth,195,5,43,23,False,263,0.117748
all-depth,195,5,43,24,False,263,0.121638
all-depth,195,5,43,25,False,384,0.184000
all-depth,195,5,43,26,False,415,0.214845
all-depth,195,5,43,27,False,551,0.285824
all-depth,195,5,43,28,False,767,0.411074
all-depth,195,5,43,29,False,803,0.441696
all-depth,195,5,43,30,False,1172,0.672536
all-depth,195,5,43,31,False,1231,0.751048
all-depth,195,5,43,32,False,1732,1.039642
all-depth,195,5,43,33,False,2285,1.436454
all-depth,195,5,43,34,False,2541,1.609816
all-depth,195,5,43,35,False,3718,2.473374
all-depth,195,5,43,36,False,3718,2.495531
all-depth,195,5,43,37,False,5446,3.816361
all-depth,195,5,43,38,False,6286,4.601851
all-depth,195,5,43,39,False,8020,5.875596
all-depth,195,5,43,40,False,11807,8.924427
all-depth,195,5,43,41,False,11807,9.113157
all-depth,195,5,43,42,False,17413,13.873356
all-depth,195,5,43,43,True,18657,15.594453
all-depth,195,5,43,44,False,25497,21.359542
all-depth,195,5,43,45,False,33947,29.310932
all-depth,195,5,43,46,False,37554,32.843092
all-depth,193,5,43,1,False,1,0.000063
all-depth,193,5,43,2,False,2,0.000123
all-depth,193,5,43,3,False,4,0.000319
all-depth,193,5,43,4,False,4,0.000463
all-depth,193,5,43,5,False,5,0.000622
all-depth,193,5,43,6,False,7,0.001065
all-depth,193,5,43,7,False,7,0.001275
all-depth,193,5,43,8,False,10,0.002013
all-depth,193,5,43,9,False,10,0.002527
all-depth,193,5,43,10,False,14,0.003505
all-depth,193,5,43,11,False,21,0.005437
all-depth,193,5,43,12,False,21,0.005765
all-depth,193,5,43,13,False,29,0.008355
all-depth,193,5,43,14,False,31,0.010174
all-depth,193,5,43,15,False,41,0.013446
all-depth,193,5,43,16,False,51,0.018965
all-depth,193,5,43,17,False,55,0.022580
all-depth,193,5,43,18,False,82,0.032673
all-depth,193,5,43,19,False,82,0.033555
all-depth,193,5,43,20,False,123,0.050456
all-depth,193,5,43,21,False,155,0.067344
all-depth,193,5,43,22,False,180,0.078801
all-depth,193,5,43,23,False,263,0.121175
all-depth,193,5,43,24,False,263,0.123795
all-depth,193,5,43,25,False,384,0.185103
all-depth,193,5,43,26,False,415,0.221783
all-depth,193,5,43,27,False,551,0.284948
all-depth,193,5,43,28,False,723,0.392668
all-depth,193,5,43,29,False,803,0.451477
all-depth,193,5,43,30,False,1172,0.672145
all-depth,193,5,43,31,False,1214,0.734979
all-depth,193,5,43,32,False,1732,1.040355
all-depth,193,5,43,33,False,2242,1.408753
all-depth,193,5,43,34,False,2541,1.617388
all-depth,193,5,43,35,False,3718,2.445263
all-depth,193,5,43,36,False,3718,2.487510
all-depth,193,5,43,37,False,5446,3.801736
all-depth,193,5,43,38,False,6063,4.447520
all-depth,193,5,43,39,False,8020,5.881902
all-depth,193,5,43,40,False,11721,8.904055
all-depth,193,5,43,41,False,11807,9.221527
all-depth,193,5,43,42,False,17413,13.924028
all-depth,193,5,43,43,True,18543,15.483487
all-depth,193,5,43,44,False,25497,21.313183
all-depth,193,5,43,45,False,33947,29.431508
all-depth,193,5,43,46,False,37554,34.721879
all-depth,97,5,43,1,False,1,0.000059
all-depth,97,5,43,2,False,2,0.000116
all-depth,97,5,43,3,False,3,0.000224
all-depth,97,5,43,4,False,3,0.000305
all-depth,97,5,43,5,False,4,0.000504
all-depth,97,5,43,6,False,5,0.000720
all-depth,97,5,43,7,False,5,0.000859
all-depth,97,5,43,8,False,7,0.001358
all-depth,97,5,43,9,False,8,0.001874
all-depth,97,5,43,10,False,10,0.002339
all-depth,97,5,43,11,False,14,0.003565
all-depth,97,5,43,12,False,14,0.003706
all-depth,97,5,43,13,False,21,0.005597
all-depth,97,5,43,14,False,22,0.006655
all-depth,97,5,43,15,False,29,0.008510
all-depth,97,5,43,16,False,36,0.012816
all-depth,97,5,43,17,False,41,0.013930
all-depth,97,5,43,18,False,55,0.020577
all-depth,97,5,43,19,False,56,0.022280
all-depth,97,5,43,20,False,82,0.031550
all-depth,97,5,43,21,False,107,0.042841
all-depth,97,5,43,22,False,123,0.049866
all-depth,97,5,43,23,False,180,0.076347
all-depth,97,5,43,24,False,180,0.077876
all-depth,97,5,43,25,False,263,0.121936
all-depth,97,5,43,26,False,285,0.142142
all-depth,97,5,43,27,False,384,0.190267
all-depth,97,5,43,28,False,530,0.271389
all-depth,97,5,43,29,False,551,0.289558
all-depth,97,5,43,30,False,803,0.437803
all-depth,97,5,43,31,False,837,0.489177
all-depth,97,5,43,32,False,1172,0.725814
all-depth,97,5,43,33,False,1563,0.986407
all-depth,97,5,43,34,False,1732,1.085084
all-depth,97,5,43,35,False,2541,1.691291
all-depth,97,5,43,36,False,2541,1.675128
all-depth,97,5,43,37,False,3718,2.496397
all-depth,97,5,43,38,False,4271,3.133968
all-depth,97,5,43,39,False,5446,3.938309
all-depth,97,5,43,40,False,8020,6.127064
all-depth,97,5,43,41,False,8020,6.406344
all-depth,97,5,43,42,False,11807,9.400827
all-depth,97,5,43,43,True,12649,10.496350
all-depth,97,5,43,44,False,17413,14.581956
all-depth,97,5,43,45,False,23032,20.011257
all-depth,97,5,43,46,False,25497,21.888697
all-depth,147,5,42,1,False,1,0.000081
all-depth,147,5,42,2,False,2,0.000170
all-depth,147,5,42,3,False,3,0.000292
all-depth,147,5,42,4,False,4,0.000488
all-depth,147,5,42,5,False,5,0.000665
all-depth,147,5,42,6,False,5,0.000807
all-depth,147,5,42,7,False,7,0.001356
all-depth,147,5,42,8,False,8,0.001915
all-depth,147,5,42,9,False,10,0.002255
all-depth,147,5,42,10,False,14,0.003558
all-depth,147,5,42,11,False,14,0.003816
all-depth,147,5,42,12,False,21,0.005682
all-depth,147,5,42,13,False,22,0.006720
all-depth,147,5,42,14,False,29,0.008643
all-depth,147,5,42,15,False,36,0.012707
all-depth,147,5,42,16,False,41,0.013837
all-depth,147,5,42,17,False,55,0.020557
all-depth,147,5,42,18,False,56,0.022537
all-depth,147,5,42,19,False,82,0.031576
all-depth,147,5,42,20,False,108,0.043033
all-depth,147,5,42,21,False,123,0.051223
all-depth,147,5,42,22,False,180,0.076086
all-depth,147,5,42,23,False,180,0.077814
all-depth,147,5,42,24,False,263,0.119825
all-depth,147,5,42,25,False,285,0.142294
all-depth,147,5,42,26,False,384,0.187288
all-depth,147,5,42,27,False,551,0.282416
all-depth,147,5,42,28,False,551,0.288656
all-depth,147,5,42,29,False,803,0.437233
all-depth,147,5,42,30,False,845,0.491716
all-depth,147,5,42,31,False,1172,0.682118
all-depth,147,5,42,32,False,1563,0.932330
all-depth,147,5,42,33,False,1732,1.051760
all-depth,147,5,42,34,False,2541,1.603154
all-depth,147,5,42,35,False,2541,1.642807
all-depth,147,5,42,36,False,3718,2.472147
all-depth,147,5,42,37,False,4293,3.017424
all-depth,147,5,42,38,False,5446,3.836266
all-depth,147,5,42,39,False,8020,5.811796
all-depth,147,5,42,40,False,8020,6.177171
all-depth,147,5,42,41,False,11807,9.408241
all-depth,147,5,42,42,True,12810,10.375542
all-depth,147,5,42,43,False,17413,13.919588
all-depth,147,5,42,44,False,23032,19.233123
all-depth,147,5,42,45,False,25497,21.512113
all-depth,145,5,42,1,False,1,0.000060
all-depth,145,5,42,2,False,2,0.000118
all-depth,145,5,42,3,False,3,0.000227
all-depth,145,5,42,4,False,4,0.000430
all-depth,145,5,42,5,False,5,0.000610
all-depth,145,5,42,6,False,5,0.000740
all-depth,145,5,42,7,False,7,0.001262
all-depth,145,5,42,8,False,7,0.001624
all-depth,145,5,42,9,False,10,0.002284
all-depth,145,5,42,10,False,14,0.003450
all-depth,145,5,42,11,False,14,0.003670
all-depth,145,5,42,12,False,21,0.005641
all-depth,145,5,42,13,False,21,0.006641
all-depth,145,5,42,14,False,29,0.008547
all-depth,145,5,42,15,False,36,0.012503
all-depth,145,5,42,16,False,41,0.013737
all-depth,145,5,42,17,False,55,0.020592
all-depth,145,5,42,18,False,55,0.021887
all-depth,145,5,42,19,False,82,0.031693
all-depth,145,5,42,20,False,105,0.042079
all-depth,145,5,42,21,False,123,0.050648
all-depth,145,5,42,22,False,180,0.078065
all-depth,145,5,42,23,False,180,0.078229
all-depth,145,5,42,24,False,263,0.121401
all-depth,145,5,42,25,False,285,0.143485
all-depth,145,5,42,26,False,384,0.186155
all-depth,145,5,42,27,False,496,0.255488
all-depth,145,5,42,28,False,551,0.287462
all-depth,145,5,42,29,False,803,0.433929
all-depth,145,5,42,30,False,834,0.485781
all-depth,145,5,42,31,False,1172,0.679706
all-depth,145,5,42,32,False,1563,0.954554
all-depth,145,5,42,33,False,1732,1.050682
all-depth,145,5,42,34,False,2541,1.600173
all-depth,145,5,42,35,False,2541,1.645346
all-depth,145,5,42,36,False,3718,2.469900
all-depth,145,5,42,37,False,4124,2.905617
all-depth,145,5,42,38,False,5446,3.825714
all-depth,145,5,42,39,False,8020,5.795425
all-depth,145,5,42,40,False,8020,5.933722
all-depth,145,5,42,41,False,11807,9.006055
all-depth,145,5,42,42,True,12649,10.142573
all-depth,145,5,42,43,False,17413,14.644452
all-depth,145,5,42,44,False,23032,19.864040
all-depth,145,5,42,45,False,25497,22.065265
all-depth,73,5,42,1,False,1,0.000075
all-depth,73,5,42,2,False,2,0.000110
all-depth,73,5,42,3,False,2,0.000184
all-depth,73,5,42,4,False,3,0.000305
all-depth,73,5,42,5,False,4,0.000493
all-depth,73,5,42,6,False,4,0.000612
all-depth,73,5,42,7,False,5,0.000809
all-depth,73,5,42,8,False,5,0.001153
all-depth,73,5,42,9,False,7,0.001458
all-depth,73,5,42,10,False,10,0.002204
all-depth,73,5,42,11,False,10,0.002346
all-depth,73,5,42,12,False,14,0.003736
all-depth,73,5,42,13,False,15,0.004161
all-depth,73,5,42,14,False,21,0.005672
all-depth,73,5,42,15,False,26,0.007609
all-depth,73,5,42,16,False,29,0.008584
all-depth,73,5,42,17,False,41,0.013387
all-depth,73,5,42,18,False,42,0.014993
all-depth,73,5,42,19,False,55,0.020725
all-depth,73,5,42,20,False,74,0.027918
all-depth,73,5,42,21,False,82,0.032185
all-depth,73,5,42,22,False,123,0.049487
all-depth,73,5,42,23,False,123,0.050409
all-depth,73,5,42,24,False,180,0.076915
all-depth,73,5,42,25,False,192,0.092122
all-depth,73,5,42,26,False,263,0.123881
all-depth,73,5,42,27,False,384,0.182786
all-depth,73,5,42,28,False,384,0.189248
all-depth,73,5,42,29,False,551,0.284617
all-depth,73,5,42,30,False,582,0.319959
all-depth,73,5,42,31,False,803,0.438626
all-depth,73,5,42,32,False,1063,0.609512
all-depth,73,5,42,33,False,1172,0.682773
all-depth,73,5,42,34,False,1732,1.054180
all-depth,73,5,42,35,False,1732,1.075480
all-depth,73,5,42,36,False,2541,1.677356
all-depth,73,5,42,37,False,2932,2.027335
all-depth,73,5,42,38,False,3718,2.535202
all-depth,73,5,42,39,False,5446,3.969534
all-depth,73,5,42,40,False,5446,4.036965
all-depth,73,5,42,41,False,8020,6.180774
all-depth,73,5,42,42,True,8676,6.840191
all-depth,73,5,42,43,False,11807,9.261163
all-depth,73,5,42,44,False,15728,12.738321
all-depth,73,5,42,45,False,17413,14.579347
all-depth,109,5,41,1,False,1,0.000062
all-depth,109,5,41,2,False,2,0.000116
all-depth,109,5,41,3,False,3,0.000225
all-depth,109,5,41,4,False,4,0.000454
all-depth,109,5,41,5,False,4,0.000506
all-depth,109,5,41,6,False,5,0.000711
all-depth,109,5,41,7,False,5,0.001004
all-depth,109,5,41,8,False,7,0.001391
all-depth,109,5,41,9,False,10,0.002138
all-depth,109,5,41,10,False,10,0.002293
all-depth,109,5,41,11,False,14,0.003747
all-depth,109,5,41,12,False,15,0.004882
all-depth,109,5,41,13,False,21,0.005774
all-depth,109,5,41,14,False,26,0.007686
all-depth,109,5,41,15,False,29,0.009249
all-depth,109,5,41,16,False,41,0.014049
all-depth,109,5,41,17,False,41,0.015332
all-depth,109,5,41,18,False,55,0.021904
all-depth,109,5,41,19,False,73,0.028246
all-depth,109,5,41,20,False,82,0.032781
all-depth,109,5,41,21,False,123,0.050573
all-depth,109,5,41,22,False,123,0.051631
all-depth,109,5,41,23,False,180,0.078817
all-depth,109,5,41,24,False,192,0.093738
all-depth,109,5,41,25,False,263,0.124681
all-depth,109,5,41,26,False,361,0.177427
all-depth,109,5,41,27,False,384,0.194167
all-depth,109,5,41,28,False,551,0.294991
all-depth,109,5,41,29,False,575,0.331451
all-depth,109,5,41,30,False,803,0.458168
all-depth,109,5,41,31,False,1063,0.626367
all-depth,109,5,41,32,False,1172,0.710310
all-depth,109,5,41,33,False,1732,1.076346
all-depth,109,5,41,34,False,1732,1.110560
all-depth,109,5,41,35,False,2541,1.662693
all-depth,109,5,41,36,False,2881,2.010309
all-depth,109,5,41,37,False,3718,2.585808
all-depth,109,5,41,38,False,5446,3.922657
all-depth,109,5,41,39,False,5446,3.987500
all-depth,109,5,41,40,False,8020,6.050538
all-depth,109,5,41,41,True,8573,6.925309
all-depth,109,5,41,42,False,11807,9.285887
all-depth,109,5,41,43,False,15728,12.687814
all-depth,109,5,41,44,False,17413,14.975511
all-depth,55,4,41,1,False,1,0.000056
all-depth,55,4,41,2,False,1,0.000072
all-depth,55,4,41,3,False,2,0.000182
all-depth,55,4,41,4,False,3,0.000295
all-depth,55,4,41,5,False,3,0.000378
all-depth,55,4,41,6,False,4,0.000657
all-depth,55,4,41,7,False,4,0.001061
all-depth,55,4,41,8,False,5,0.001018
all-depth,55,4,41,9,False,7,0.001491
all-depth,55,4,41,10,False,7,0.001626
all-depth,55,4,41,11,False,10,0.002376
all-depth,55,4,41,12,False,10,0.003108
all-depth,55,4,41,13,False,14,0.004225
all-depth,55,4,41,14,False,21,0.006441
all-depth,55,4,41,15,False,21,0.006226
all-depth,55,4,41,16,False,29,0.009003
all-depth,55,4,41,17,False,30,0.010372
all-depth,55,4,41,18,False,41,0.014227
all-depth,55,4,41,19,False,51,0.019768
all-depth,55,4,41,20,False,55,0.021557
all-depth,55,4,41,21,False,82,0.031704
all-depth,55,4,41,22,False,82,0.032432
all-depth,55,4,41,23,False,123,0.052152
all-depth,55,4,41,24,False,138,0.062571
all-depth,55,4,41,25,False,180,0.082100
all-depth,55,4,41,26,False,263,0.124685
all-depth,55,4,41,27,False,263,0.132604
all-depth,55,4,41,28,False,384,0.194878
all-depth,55,4,41,29,False,400,0.235530
all-depth,55,4,41,30,False,551,0.310315
all-depth,55,4,41,31,False,723,0.421428
all-depth,55,4,41,32,False,803,0.458183
all-depth,55,4,41,33,False,1172,0.716620
all-depth,55,4,41,34,False,1173,0.721962
all-depth,55,4,41,35,False,1732,1.068194
all-depth,55,4,41,36,False,2067,1.374642
all-depth,55,4,41,37,False,2541,1.699131
all-depth,55,4,41,38,False,3718,2.797065
all-depth,55,4,41,39,False,3718,2.517418
all-depth,55,4,41,40,False,5446,3.962661
all-depth,55,4,41,41,True,5939,4.566892
all-depth,55,4,41,42,False,8020,6.090907
all-depth,55,4,41,43,False,10651,8.400087
all-depth,55,4,41,44,False,11807,9.626384
all-depth,27,4,41,1,False,1,0.000073
all-depth,27,4,41,2,False,1,0.000083
all-depth,27,4,41,3,False,1,0.000117
all-depth,27,4,41,4,False,2,0.000268
all-depth,27,4,41,5,False,2,0.000350
all-depth,27,4,41,6,False,3,0.000469
all-depth,27,4,41,7,False,3,0.000576
all-depth,27,4,41,8,False,4,0.000730
all-depth,27,4,41,9,False,5,0.000891
all-depth,27,4,41,10,False,5,0.000925
all-depth,27,4,41,11,False,7,0.001647
all-depth,27,4,41,12,False,7,0.001778
all-depth,27,4,41,13,False,10,0.002320
all-depth,27,4,41,14,False,14,0.003522
all-depth,27,4,41,15,False,14,0.003784
all-depth,27,4,41,16,False,21,0.005753
all-depth,27,4,41,17,False,21,0.006337
all-depth,27,4,41,18,False,29,0.008509
all-depth,27,4,41,19,False,36,0.012253
all-depth,27,4,41,20,False,41,0.013750
all-depth,27,4,41,21,False,55,0.020696
all-depth,27,4,41,22,False,55,0.020954
all-depth,27,4,41,23,False,82,0.031690
all-depth,27,4,41,24,False,94,0.038538
all-depth,27,4,41,25,False,123,0.050037
all-depth,27,4,41,26,False,180,0.075806
all-depth,27,4,41,27,False,180,0.077802
all-depth,27,4,41,28,False,263,0.125048
all-depth,27,4,41,29,False,273,0.144532
all-depth,27,4,41,30,False,384,0.195742
all-depth,27,4,41,31,False,496,0.263877
all-depth,27,4,41,32,False,551,0.308343
all-depth,27,4,41,33,False,803,0.464640
all-depth,27,4,41,34,False,803,0.468069
all-depth,27,4,41,35,False,1172,0.686975
all-depth,27,4,41,36,False,1415,0.894886
all-depth,27,4,41,37,False,1732,1.064983
all-depth,27,4,41,38,False,2541,1.623036
all-depth,27,4,41,39,False,2541,1.686975
all-depth,27,4,41,40,False,3718,2.472454
all-depth,27,4,41,41,True,4045,2.898287
all-depth,27,4,41,42,False,5446,3.941729
all-depth,27,4,41,43,False,7216,5.343938
all-depth,27,4,41,44,False,8020,6.028691
below-threshold,3,1,2,1,False,1,0.000059
below-threshold,3,1,2,2,True,1,0.000083
below-threshold,3,1,2,3,False,1,0.000064
below-threshold,3,1,2,4,False,1,0.000062
below-threshold,5,1,1,1,True,1,0.000034
below-threshold,5,1,1,2,False,1,0.000061
below-threshold,5,1,1,3,False,1,0.000059
below-threshold,7,2,5,3,False,1,0.000070
below-threshold,7,2,5,4,False,1,0.000096
below-threshold,7,2,5,5,True,1,0.000164
below-threshold,7,2,5,6,False,1,0.000263
below-threshold,7,2,5,7,False,2,0.000338
below-threshold,9,2,6,4,False,1,0.000099
below-threshold,9,2,6,5,False,1,0.000177
below-threshold,9,2,6,6,True,1,0.000216
below-threshold,9,2,6,7,False,2,0.000342
below-threshold,9,2,6,8,False,2,0.000428
below-threshold,11,2,4,2,False,1,0.000071
below-threshold,11,2,4,3,False,1,0.000090
below-threshold,11,2,4,4,True,1,0.000124
below-threshold,11,2,4,5,False,1,0.000165
below-threshold,11,2,4,6,False,2,0.000326
below-threshold,13,2,2,1,False,1,0.000029
below-threshold,13,2,2,2,True,1,0.000064
below-threshold,13,2,2,3,False,1,0.000093
below-threshold,13,2,2,4,False,1,0.000125
below-threshold,15,2,5,3,False,1,0.000107
below-threshold,15,2,5,4,False,1,0.000144
below-threshold,15,2,5,5,True,2,0.000287
below-threshold,15,2,5,6,False,2,0.000349
below-threshold,15,2,5,7,False,3,0.000467
below-threshold,17,2,3,1,False,1,0.000030
below-threshold,17,2,3,2,False,1,0.000063
below-threshold,17,2,3,3,True,1,0.000093
below-threshold,17,2,3,4,False,1,0.000131
below-threshold,17,2,3,5,False,2,0.000297
below-threshold,19,2,6,4,True,1,0.000134
below-threshold,19,2,6,5,False,2,0.000306
below-threshold,19,2,6,6,True,3,0.000447
below-threshold,19,2,6,7,False,3,0.000470
below-threshold,19,2,6,8,False,3,0.000577
below-threshold,21,2,1,1,True,1,0.000049
below-threshold,21,2,1,2,False,1,0.000078
below-threshold,21,2,1,3,False,1,0.000114
below-threshold,23,3,4,2,False,1,0.000066
below-threshold,23,3,4,3,False,1,0.000098
below-threshold,23,3,4,4,True,2,0.000196
below-threshold,23,3,4,5,False,2,0.000304
below-threshold,23,3,4,6,False,3,0.000426
below-threshold,25,3,7,5,False,2,0.000312
below-threshold,25,3,7,6,False,3,0.000442
below-threshold,25,3,7,7,True,3,0.000503
below-threshold,25,3,7,8,False,4,0.000707
below-threshold,25,3,7,9,False,4,0.000840
below-threshold,27,3,41,39,False,2541,1.700197
below-threshold,27,3,41,40,False,3718,2.630160
below-threshold,27,3,41,41,True,4045,2.922854
below-threshold,27,3,41,42,False,5446,4.016418
below-threshold,27,3,41,43,False,7216,5.410457
below-threshold,29,3,5,3,False,1,0.000216
below-threshold,29,3,5,4,False,2,0.000247
below-threshold,29,3,5,5,True,2,0.000338
below-threshold,29,3,5,6,False,3,0.000431
below-threshold,29,3,5,7,False,3,0.000544
below-threshold,31,3,39,37,False,1732,1.067663
below-threshold,31,3,39,38,False,2541,1.622331
below-threshold,31,3,39,39,True,2812,1.931936
below-threshold,31,3,39,40,False,3718,2.567528
below-threshold,31,3,39,41,False,4897,3.474403
below-threshold,33,3,8,6,False,3,0.000492
below-threshold,33,3,8,7,False,4,0.000703
below-threshold,33,3,8,8,True,4,0.000782
below-threshold,33,3,8,9,False,5,0.000898
below-threshold,33,3,8,10,False,6,0.001548
below-threshold,35,3,3,1,False,1,0.000035
below-threshold,35,3,3,2,False,1,0.000091
below-threshold,35,3,3,3,True,2,0.000161
below-threshold,35,3,3,4,False,2,0.000277
below-threshold,35,3,3,5,False,3,0.000402
below-threshold,37,3,6,4,False,2,0.000243
below-threshold,37,3,6,5,False,3,0.000355
below-threshold,37,3,6,6,True,3,0.000441
below-threshold,37,3,6,7,False,4,0.000691
below-threshold,37,3,6,8,False,4,0.000831
below-threshold,39,3,11,9,False,5,0.000922
below-threshold,39,3,11,10,False,7,0.001457
below-threshold,39,3,11,11,True,7,0.001734
below-threshold,39,3,11,12,False,10,0.002370
below-threshold,39,3,11,13,False,13,0.003171
below-threshold,41,3,40,38,False,2541,1.664645
below-threshold,41,3,40,39,False,3718,2.584627
below-threshold,41,3,40,40,True,4045,3.000378
below-threshold,41,3,40,41,False,5446,3.912407
below-threshold,41,3,40,42,False,7216,5.394911
below-threshold,43,3,9,7,False,4,0.000809
below-threshold,43,3,9,8,False,5,0.000886
below-threshold,43,3,9,9,True,5,0.000956
below-threshold,43,3,9,10,False,7,0.001481
below-threshold,43,3,9,11,False,8,0.002066
below-threshold,45,3,4,2,False,1,0.000087
below-threshold,45,3,4,3,False,2,0.000202
below-threshold,45,3,4,4,True,2,0.000289
below-threshold,45,3,4,5,False,3,0.000408
below-threshold,45,3,4,6,False,4,0.000695
below-threshold,47,3,38,36,False,1732,1.055669
below-threshold,47,3,38,37,False,2541,1.636720
below-threshold,47,3,38,38,True,2812,1.927913
below-threshold,47,3,38,39,False,3718,2.594064
below-threshold,47,3,38,40,False,4897,3.445794
below-threshold,49,3,7,5,False,3,0.000387
below-threshold,49,3,7,6,False,4,0.000593
below-threshold,49,3,7,7,True,4,0.000671
below-threshold,49,3,7,8,False,5,0.000880
below-threshold,49,3,7,9,False,6,0.001286
below-threshold,51,3,7,5,False,3,0.000407
below-threshold,51,3,7,6,False,4,0.000640
below-threshold,51,3,7,7,True,4,0.000745
below-threshold,51,3,7,8,False,5,0.000910
below-threshold,51,3,7,9,False,6,0.001476
below-threshold,53,3,2,1,False,1,0.000031
below-threshold,53,3,2,2,True,1,0.000066
below-threshold,53,3,2,3,False,2,0.000172
below-threshold,53,3,2,4,False,3,0.000285
below-threshold,55,3,41,39,False,3718,2.533529
below-threshold,55,3,41,40,False,5446,3.811194
below-threshold,55,3,41,41,True,5939,4.445956
below-threshold,55,3,41,42,False,8020,5.928353
below-threshold,55,3,41,43,False,10651,8.205360
below-threshold,57,3,10,8,False,5,0.001401
below-threshold,57,3,10,9,False,7,0.001457
below-threshold,57,3,10,10,True,7,0.001518
below-threshold,57,3,10,11,False,10,0.002318
below-threshold,57,3,10,12,False,11,0.003008
below-threshold,59,3,10,8,False,5,0.000933
below-threshold,59,3,10,9,False,7,0.001425
below-threshold,59,3,10,10,True,7,0.001654
below-threshold,59,3,10,11,False,10,0.002402
below-threshold,59,3,10,12,False,13,0.003170
below-threshold,61,3,5,3,False,2,0.000186
below-threshold,61,3,5,4,False,3,0.000301
below-threshold,61,3,5,5,True,3,0.000381
below-threshold,61,3,5,6,False,4,0.000608
below-threshold,61,3,5,7,False,5,0.000812
below-threshold,63,3,39,37,False,2541,1.700283
below-threshold,63,3,39,38,False,3718,2.514063
below-threshold,63,3,39,39,True,4124,3.042752
below-threshold,63,3,39,40,False,5446,3.893700
below-threshold,63,3,39,41,False,7216,5.232259
below-threshold,65,3,8,6,False,4,0.000733
below-threshold,65,3,8,7,False,5,0.000843
below-threshold,65,3,8,8,True,5,0.000906
below-threshold,65,3,8,9,False,7,0.001419
below-threshold,65,3,8,10,False,8,0.001967
below-threshold,67,4,8,6,False,4,0.000599
below-threshold,67,4,8,7,False,5,0.000795
below-threshold,67,4,8,8,True,5,0.000981
below-threshold,67,4,8,9,False,7,0.001435
below-threshold,67,4,8,10,False,8,0.002067
below-threshold,69,4,3,1,False,1,0.000049
below-threshold,69,4,3,2,False,2,0.000136
below-threshold,69,4,3,3,True,2,0.000211
below-threshold,69,4,3,4,False,3,0.000326
below-threshold,69,4,3,5,False,4,0.000519
below-threshold,71,4,37,35,False,1732,1.051522
below-threshold,71,4,37,36,False,2541,1.596911
below-threshold,71,4,37,37,True,2812,1.915654
below-threshold,71,4,37,38,False,3718,2.647863
below-threshold,71,4,37,39,False,4897,3.493527
below-threshold,73,4,42,40,False,5446,3.887142
below-threshold,73,4,42,41,False,8020,6.068425
below-threshold,73,4,42,42,True,8676,6.805274
below-threshold,73,4,42,43,False,11807,9.183222
below-threshold,73,4,42,44,False,15728,12.616502
below-threshold,75,4,3,1,False,1,0.000457
below-threshold,75,4,3,2,False,2,0.000147
below-threshold,75,4,3,3,True,3,0.000265
below-threshold,75,4,3,4,False,3,0.000326
below-threshold,75,4,3,5,False,4,0.000576
below-threshold,77,4,6,4,False,3,0.000327
below-threshold,77,4,6,5,False,4,0.000492
below-threshold,77,4,6,6,True,4,0.000603
below-threshold,77,4,6,7,False,5,0.000816
below-threshold,77,4,6,8,False,6,0.001295
below-threshold,79,4,11,9,False,7,0.001475
below-threshold,79,4,11,10,False,10,0.002227
below-threshold,79,4,11,11,True,10,0.002578
below-threshold,79,4,11,12,False,14,0.003676
below-threshold,79,4,11,13,False,18,0.005052
below-threshold,81,4,6,4,False,3,0.000347
below-threshold,81,4,6,5,False,4,0.000530
below-threshold,81,4,6,6,True,4,0.000694
below-threshold,81,4,6,7,False,5,0.000865
below-threshold,81,4,6,8,False,7,0.001379
below-threshold,83,4,40,38,False,3718,2.538911
below-threshold,83,4,40,39,False,5446,3.817945
below-threshold,83,4,40,40,True,5939,4.430648
below-threshold,83,4,40,41,False,8020,6.065359
below-threshold,83,4,40,42,False,10651,8.273340
below-threshold,85,4,1,1,True,1,0.000445
below-threshold,85,4,1,2,False,2,0.000117
below-threshold,85,4,1,3,False,3,0.000218
below-threshold,87,4,9,7,False,5,0.000931
below-threshold,87,4,9,8,False,7,0.001526
below-threshold,87,4,9,9,True,7,0.001784
below-threshold,87,4,9,10,False,10,0.002335
below-threshold,87,4,9,11,False,12,0.003325
below-threshold,89,4,9,7,False,5,0.000861
below-threshold,89,4,9,8,False,7,0.001505
below-threshold,89,4,9,9,True,7,0.002804
below-threshold,89,4,9,10,False,10,0.002699
below-threshold,89,4,9,11,False,13,0.003717
below-threshold,91,4,33,31,False,803,0.503321
below-threshold,91,4,33,32,False,1172,0.725954
below-threshold,91,4,33,33,True,1306,0.838613
below-threshold,91,4,33,34,False,1732,1.047758
below-threshold,91,4,33,35,False,2513,1.582259
below-threshold,93,4,4,2,False,2,0.000163
below-threshold,93,4,4,3,False,3,0.000268
below-threshold,93,4,4,4,True,3,0.000359
below-threshold,93,4,4,5,False,4,0.000530
below-threshold,93,4,4,6,False,5,0.000759
below-threshold,95,4,38,36,False,2541,1.694333
below-threshold,95,4,38,37,False,3718,2.597341
below-threshold,95,4,38,38,True,4124,2.905843
below-threshold,95,4,38,39,False,5446,3.967368
below-threshold,95,4,38,40,False,7216,5.459039
below-threshold,97,4,43,41,False,8020,6.114174
below-threshold,97,4,43,42,False,11807,9.232052
below-threshold,97,4,43,43,True,12649,10.504909
below-threshold,97,4,43,44,False,17413,14.200875
below-threshold,97,4,43,45,False,23032,19.246436
below-threshold,99,4,7,5,False,4,0.000867
below-threshold,99,4,7,6,False,5,0.000770
below-threshold,99,4,7,7,True,5,0.000950
below-threshold,99,4,7,8,False,7,0.001407
below-threshold,99,4,7,9,False,8,0.002041
